epoch_id,delta_mean,peak_amplitude,delta_variance,auc_difference,abs_auc_activation,kurtosis_activation,extrema_abs_slope,extrema_line_length,power_epoch,power_ic_left,power_ic_right,ic_left_delta_mean,ic_left_peak_amplitude,ic_left_delta_variance,ic_left_auc_difference,ic_left_abs_auc_activation,ic_left_kurtosis_activation,ic_left_extrema_abs_slope,ic_left_extrema_line_length,ic_right_delta_mean,ic_right_peak_amplitude,ic_right_delta_variance,ic_right_auc_difference,ic_right_abs_auc_activation,ic_right_kurtosis_activation,ic_right_extrema_abs_slope,ic_right_extrema_line_length,condition,is_control
Control_000,6.123317959564411e-07,5.571608220229167e-06,1.915981288166086e-12,2.299985177188582e-05,2.2104564573400807e-05,-1.6085607319353405,2.3285678909547131e-07,33.000000000000895,8.488119330230606e-12,0.6278225983554254,0.7422148593351727,0.24840692713897272,0.7140626442057783,0.22599154232016017,-6.943808705052256,7.760170546637068,-0.5322451348700645,0.03463425061223588,79.04736728658239,0.33508028078062324,0.6184468632011352,0.03767650915288079,-10.588454711544482,10.89978830781893,0.2857282281781339,0.10241426061317661,29.15168915403376,Control,True
Control_001,2.9415568745958847e-06,-1.6088234658484844e-06,-3.489672454138752e-12,-8.796857251626505e-05,8.688379484335169e-05,-1.2672997417012601,2.0726157412624622e-07,38.00000000000082,3.269647496739711e-11,0.7840215513388111,0.3104481389369678,0.46306457832951275,1.1216965872332587,0.379102344058469,-9.268837962857896,10.085749091896211,-0.488726234765533,0.06120988304778472,50.09357867488416,-0.007345738791801781,0.9133323089754041,-0.002285731858608031,-3.1651288472427437,3.5748970931721535,-0.38420954311409217,0.03889548402109637,57.04310017734255,Control,True
Control_002,1.6699707582367816e-06,1.3768818033659687e-06,1.7859335732419689e-12,-3.810530667036509e-05,3.783102370036973e-05,-0.5290438310285848,2.2340079618922116e-07,31.000000000000774,8.026591670704477e-12,0.5004873317893859,0.26664901766720317,0.46500703897107165,0.7885548592467784,0.28708855900643493,-7.687044820057078,8.468995275728982,-0.42152591600661005,0.3703871308044739,7.464726700061627,-0.12967884636427146,0.6621113908145709,-0.19197985989989538,-2.855555430133888,3.2202265298859065,-1.1334485576369164,0.02296438703569639,71.01871892146166,Control,True
Control_003,1.0538792532339084e-08,6.423211476312769e-06,-3.887058679106501e-13,-1.609701148128941e-05,1.5932816556101932e-05,6.907380098707431,1.2087977877346734e-07,78.00000000000057,3.804565505588851e-12,0.5880691499172718,0.270225049421148,0.3762429651796769,0.9927757481800743,0.17903248365272956,-8.323632509110087,8.91552371887108,-0.6548498565577869,0.15803658462657247,17.21098304691643,0.10792387319179708,1.1874186699382312,-0.0320405014896297,3.6636289195844363,3.469166879116361,-0.31198557047940145,0.05626537568341957,37.05852088162168,Control,True
Control_004,3.0357261294989217e-06,2.8205862512232876e-06,4.990274728515869e-13,-6.646830441060756e-05,6.60636990862073e-05,3.4840246048283774,1.0208938805114384e-07,96.0000000000005,1.755445329685777e-11,0.2770551776385516,0.5900173554725167,0.20422831773817834,1.503074004754106,0.27857823496566936,0.32191473844978,0.41089558023916584,0.5692206372427528,0.188071458160686,15.262976331938162,0.3777001359248095,2.0411652258068678,0.4619491077949821,5.8995225887798055,5.363615152170786,0.5914357907439096,0.13511440876981723,30.27260003883868,Control,True
Control_005,5.473190252751168e-06,1.4582689193097728e-05,1.5093790342956517e-11,0.0001057248995196209,0.0001054260886984414,-1.139544609380226,1.677946458833061e-07,85.0000000000012,5.118462876209283e-11,0.540413354087662,0.342705383853639,0.15121256408667377,1.6629620469920379,0.3367392313415018,1.5425012612708047,0.846402572983173,0.6047228762424162,0.04627049506459481,80.08559256050083,0.16322177912739427,1.3973791218540503,0.21158781467680965,0.8608795691696957,0.3877808102236632,0.01587395850002915,0.11620579817093808,25.168231308642657,Control,True
Control_006,4.360337200688369e-06,-3.074534808728323e-06,-4.594298224529851e-12,-0.0001104224187096184,0.00010890488357526692,-1.21460961211247,1.0528842907532773e-07,77.00000000000043,4.7383703609270065e-11,0.3845167752690166,0.13654102308115623,-0.09948513662696756,1.376142740135543,-0.35212207909463855,8.223980480027443,7.455895995027433,0.2935360282710846,0.039802075607656265,41.03246335499882,0.06725332209769044,1.0654093704691767,0.03824110747674839,2.372027808497327,1.886221236994388,-0.5061594778442728,0.0459537307230529,35.03693605432736,Control,True
Control_007,8.973231443342396e-07,3.359584211014459e-06,6.411595812186608e-12,-1.3843712479843379e-05,1.4386783925207025e-05,-1.0487672852591026,2.7052726216731526e-07,36.000000000001315,8.754832147148191e-12,0.38573158818156034,0.22327682902788643,0.04658230214991638,1.8536403799978778,0.12359920477365227,2.8557971937769318,2.044836226060435,0.024714982176490707,0.07343996042286999,41.11041658886224,0.009183023561130432,1.5532954634469254,0.050330012695475906,0.6628477842524703,0.17334685176870396,0.7747053382152234,0.025908441670046207,97.03255003509899,Control,True
Control_008,2.0954500072770197e-06,-1.3998077866194377e-06,-8.968523111158597e-13,-5.348502955208599e-05,5.266267370165743e-05,-0.6745741697152283,1.6018211752208927e-07,32.00000000000041,1.1503406862510954e-11,0.3478462427001265,0.5014152442754238,0.10577745621651374,0.8727353786825939,0.08719840810095689,-3.108620497530765,3.9664837011754517,-0.7907381684574508,0.019835317057813384,109.02144036058631,0.05777653026898111,0.8220890463227922,-0.11576829983209919,-7.031706690261241,7.385732281228578,-0.471248366125415,0.02724305373279736,80.02968185274014,Control,True
Control_009,1.0657102723010868e-06,6.578504894109467e-06,7.268852135378974e-12,1.0255398274820703e-05,1.0261254173579926e-05,-1.013929697927069,2.592759965764186e-07,43.00000000000145,9.492185460062495e-12,0.3594183704262565,0.4280602226440808,0.03231448032986545,1.5371177914287353,0.017240461559621112,2.0829990176684596,1.1520821647332482,0.25930682175718456,0.0783221162563048,38.11637452623461,0.3108285029248809,1.4998220096648485,0.32570321269592717,-3.9147823891983915,4.3867490458370355,-0.3144338479073965,0.056981476277813435,53.085972819440606,Control,True
Control_010,1.3160231901953711e-06,3.735459424346339e-06,4.794947664838536e-12,3.615374400194958e-06,4.241692092040233e-06,-1.4677824685487206,8.125407479169999e-08,97.00000000000031,5.26122143059088e-12,0.6111788250583169,0.6172690819345306,0.07745216552084344,0.7114196643354529,-0.18651009315583467,-8.40756511745153,9.132960785433484,0.08584628500048863,0.05169808036040086,48.064101793811126,0.3183682353348382,0.8656322833860582,0.1481724918228523,-8.071469374031379,8.51612210549383,-0.7504266931641146,0.03375157297568452,74.04213724415679,Control,True
Control_011,1.924009112163133e-06,1.7147027892338657e-06,1.7542704853077073e-12,-3.7373965553156936e-05,3.7102130481446724e-05,0.3337624931557297,6.375254549369361e-08,96.0000000000002,6.870582004135483e-12,0.20723085593187376,0.3538906060672287,0.12132741541328029,1.0487840122631995,0.11046612299168457,-2.734453377409365,3.354509157660183,-0.4503531706107138,0.054033997486648964,37.05397458004642,0.2494640517574629,0.9343328313531636,0.23382348208938541,-2.9317166022602543,3.279196645716495,-0.8081710130872142,0.05181677050850052,45.0603715015146,Control,True
Control_012,-4.41655129707218e-07,3.9047760226980635e-06,-1.7720557422439697e-12,1.1989917872768903e-05,1.2234236531705773e-05,-0.5085608345313029,5.206215614547726e-08,117.00000000000016,3.2260127268850015e-12,0.6670042835525974,0.314377971250277,0.11667696662923843,0.48594179723782904,-0.0831223717447862,-8.920768100072221,9.514124684446738,-0.9211904921483378,0.03914542682066079,56.04288977994342,0.007964441489272611,1.0221642851850268,0.06433423663704091,-1.5446858182395629,1.9550192735222067,0.8274638180346292,0.07035147688149473,39.096392818077206,Control,True
Control_013,2.5482938251166705e-06,7.789549963259045e-06,-7.505426586906888e-13,6.229490611146332e-05,6.177368083273655e-05,-0.5515487906749135,1.8068048310487963e-07,38.00000000000062,1.60917376652405e-11,1.388555722234851,0.49763043644434685,0.568668839496846,0.7175007299747604,0.6262296153065899,-13.322749982265854,14.027130230317976,-0.5888050019384572,0.15726154241936308,24.294961761836372,0.2961476447558836,1.4868045586593879,0.2764131525290975,-4.948212183412208,5.279789582929195,-0.4288680886718623,0.033292053137499986,87.04820034274788,Control,True
Control_014,4.5100674155005366e-07,5.479331160831504e-06,6.58877144807648e-13,2.8151283026959025e-05,2.8353860548376943e-05,-1.2907386037115756,7.171729263084518e-08,111.00000000000028,8.484539288827683e-12,0.6130616621306453,1.1341896886326186,0.3234794990121408,1.8754864054959044,0.1861717427688524,9.136908770721947,8.434119437912708,-0.4135459586818806,0.031795176295454475,82.04143779259705,0.5883743683673544,1.4822584376602865,0.8907760593278067,-9.683480993279794,9.987553053160465,-0.5349990424573461,0.057759514542123906,75.1250018871933,Control,True
Control_015,1.1742123963452112e-06,2.428449739876527e-06,4.069571304024242e-12,-3.4670428009843644e-05,3.465364744974223e-05,-1.22725802686217,4.241468745165665e-07,25.00000000000225,1.2036245228199138e-11,0.6575497497964108,0.21092135926637154,0.2741197940924282,3.6899539745971897,0.43007207216333376,3.09575249944759,2.2578471091476047,1.4518920908324988,0.07955235348018663,64.20219506499441,-0.11211731913274436,1.4665970402505062,-0.08730529859841049,0.2998298304911987,0.030529379623646033,1.8408087342040318,0.3098965053039826,8.37533844187659,Control,True
Control_016,1.758772654132392e-06,2.177918181482453e-06,2.7115321738443434e-12,-2.969980207140208e-05,3.0034835564747198e-05,-0.31933169334707845,6.001420449008067e-08,106.00000000000018,5.834241321052468e-12,1.1619648601368104,0.3975953864535184,0.3180560815890271,0.9303101851898279,0.15380186539438534,-11.580667604450179,12.553640190736898,-0.9071984512530262,0.035425837815779085,91.05708413992494,0.24869653842887585,1.2852387376935843,0.3600781648395982,1.4649610444394825,1.0523400716143587,-0.52768184131995,0.07368567638931617,38.10302234651143,Control,True
Control_017,2.1514610397573066e-06,3.5656487537766415e-06,8.899725285549049e-12,-3.2360947238176875e-05,3.219420638962719e-05,-1.20160571672421,2.0292042185497217e-07,51.00000000000105,1.2145811059379913e-11,0.21863296558540926,0.44432037044708433,-0.01222726035739341,0.7481264516146392,-0.06028745378608974,-3.1185398159221496,3.8659816761449823,-0.7137746973355505,0.017438534880072274,98.0148998897521,0.041835682857988,1.817889016542147,0.05386673254149427,4.41365653719094,3.882667013912188,-0.23537081495288126,0.07155710587199914,41.1048345698253,Control,True
Control_018,1.2953114052357425e-06,7.366971502003385e-06,6.4836660743687616e-12,2.3751690305910747e-05,2.3621244647258055e-05,-0.7464816919961059,2.789902927150991e-07,35.000000000001364,8.332757552297288e-12,0.19433874316202795,0.6209478181839753,0.10710302044998327,1.0081608620099611,0.1308279712171695,-1.415955987300053,2.1064608050597435,-0.44285549244880196,0.0768936411890553,26.07675093391411,0.39801588138558736,1.9071583438450177,0.5656021093137285,3.872949850909543,3.311920563445325,-0.64600587764803,0.13501919413323432,26.235922007092608,Control,True
Control_019,8.359767092355726e-07,1.9932246219879315e-06,1.998749807208662e-12,-9.209859729693123e-06,9.33071121261791e-06,-1.2274528429308134,1.508599472146732e-07,35.0000000000004,2.2667026583370516e-12,0.4389115060003624,0.2084876634990566,0.06857559158421828,0.883884282147922,0.014197404522410972,-4.642694536048944,5.23910420530773,-0.7527897319268124,0.09010429084447148,26.10533082461365,0.1383888820778376,1.3317138056853155,0.14385718259074887,2.3311500638085874,1.8242647271398043,0.03122257896406655,0.11914689448496985,18.127313599063534,Control,True
Control_020,2.9894358671727633e-06,5.756600743924635e-06,1.674121256763307e-11,-3.146060276920928e-05,3.099185556610882e-05,-1.0396234494278718,2.870396197923142e-07,49.00000000000202,1.8313108464338047e-11,0.34840924192125994,0.22151722710327504,0.07170682852054011,1.0616263089558233,0.09084637445534377,-2.1545689706334263,2.88607347215515,-0.5746950224024516,0.05746815741578926,43.07094713698435,0.2750621632597915,0.7468023688709111,0.1571504899766344,-3.7706919481331145,4.106512529955134,-0.6551008797448636,0.08436870151948836,22.07816001512139,Control,True
Control_021,2.47980367028552e-06,2.6263513460522135e-06,-1.1671896159364309e-11,-9.546975570141422e-05,9.558001968350887e-05,2.005937919209556,2.1695466988947273e-07,53.00000000000125,4.000149482376437e-11,0.6582217192735141,0.6001807611695356,0.18777436769848488,2.1870943574734882,0.40715774216161665,-1.5969323421933477,2.5295795152932565,-0.20889014059847844,0.033259652567733805,101.0558478861641,-0.09205625426730446,2.143818961030835,-0.13916597327431146,6.952433283123526,6.357339048343811,0.11293713440638742,0.04990890958475534,55.06845712610093,Control,True
Control_022,-1.365652688911461e-07,2.5849481284547615e-06,1.4171010454230145e-13,-1.1962250291702723e-05,1.138221358647999e-05,-0.3842506072801517,1.0823952535549989e-07,86.0000000000005,5.4122656656884875e-12,0.5606908828435542,0.29528603167662926,-0.0442160639719541,2.2301210924085124,-0.15605366676286608,6.065128670831007,5.20416133934566,0.1610489961848134,0.1152682581478432,26.172158058200548,0.1411767009898795,1.4036728698958463,0.1442166151759557,2.52881042961813,2.031487712144466,-1.0174952257412428,0.03758215255150858,54.03812183489745,Control,True
Control_023,2.1021030194514065e-06,4.662564422640773e-06,6.671051252998022e-12,-9.64792160031122e-06,9.48375971556477e-06,-0.7897786936791684,1.9525408803690878e-07,46.000000000000874,5.4558076914855955e-12,1.2968296535970723,0.5803608695165793,0.029145064226177464,0.5968605595298108,-0.8656676280371807,-12.963640957246572,13.374373691582196,-0.6242070744191688,0.0878991834041876,33.127238100339135,0.11950146342547574,1.8786782687771204,0.2723865047918647,0.012006128203757127,0.5024402297622963,-0.595485701384209,0.05668575485686778,62.099531627423694,Control,True
Control_024,2.964697008919968e-06,1.0528501794764665e-05,1.0565985018224769e-11,5.4891416407805305e-05,5.447732785452047e-05,-1.344712347602732,2.2988640794686797e-07,48.00000000000127,1.8844203450460654e-11,0.6513704311946353,0.7878130900852522,0.34241863870069333,0.9856689026863518,0.3562436697214431,-6.784087751106306,7.519673625771393,-0.9763192093017268,0.04600176933040649,62.06556637727713,0.43930670742347006,1.3682944184300159,0.5755655034950831,-5.963410074688961,6.215027743132492,-0.5140274446379811,0.07625346473679341,47.13644483055084,Control,True
Control_025,-1.4252966248542943e-06,6.097112834113892e-06,-9.577458851871489e-12,-1.0739258583341371e-05,1.1572477687609104e-05,0.17816528014325161,2.547928337144763e-07,41.00000000000133,1.0674739805462012e-11,0.5668832553306575,0.2594883449230261,-0.15405295103916838,1.8334535320670655,-0.45213672151300865,7.11035211054423,6.12818096100801,-0.25269884448383984,0.02850036001007591,88.03573264823966,-0.07589964755922718,1.0344857317775373,-0.16134133253824726,-1.1315881120819435,1.5563657601314203,-0.6120083446370543,0.05282907890939534,35.04880692239835,Control,True
Control_026,2.773898137339696e-06,6.216854286942467e-06,7.000732593936788e-14,6.31576102032762e-05,6.292357105182504e-05,-0.9424409213703662,2.1990617001481873e-07,29.000000000000703,1.6172993911142336e-11,0.5721729925170729,0.3060156816439057,0.24183561229810757,0.8106120526633578,0.13927014481490557,-7.278774821761767,8.04278149725725,-0.9369974851153393,0.32337693745932405,8.407892078015546,0.006743763181580931,0.8645905975691791,0.030850548620667884,-1.1670388144634938,1.4316700082611031,-0.6753167167313809,0.06595038458631512,32.06951574477751,Control,True
Control_027,1.1618215010558339e-06,2.7975109649578383e-06,2.910849823598862e-12,-1.2560397475344044e-05,1.236470507312459e-05,-0.6594925921599022,1.4348709381249535e-07,46.000000000000476,3.1128122372128722e-12,0.8262823508868736,0.15716816464591452,0.2343158212473475,1.7218221410814365,0.4048923822186762,-3.3632471913527766,3.9322751782769267,-1.1761403323880621,0.04207488128564929,81.07166527007175,0.26254146335135464,0.911028995930534,0.16922680988400876,1.0054587736003517,0.6123424040970592,0.3013655700077611,0.025424002296900047,84.02714356994142,Control,True
Control_028,4.286042560200587e-06,1.666438380000974e-05,3.3303573604970986e-11,7.524828838798693e-05,7.511099742904862e-05,-0.9696531635895873,3.962278975945094e-07,45.00000000000353,4.561680956795031e-11,0.9988436148508306,0.3987602359789383,-0.018325961204462393,3.4292566785712406,0.03043876801730594,8.485571867499885,7.823995489505885,1.0709606747186697,0.08036219562198023,53.170863766736815,0.1679289995787009,1.0997162753861458,0.19741458636586173,2.481477697046935,2.076221113371672,-0.9607159060457091,0.028991646436929055,77.0323530522972,Control,True
Left_000,2.267932239844487e-06,1.1289668708870876e-05,1.7564761708358325e-11,4.9341413695322764e-05,4.9440387514458836e-05,-1.33357822974267,3.1967216045024185e-07,45.0000000000023,2.855834298277967e-11,0.991989008528001,0.4828224380467579,0.4800711326470806,2.5594139878364595,0.6693456855837817,9.559321579885902,8.736192292837675,-0.7411988071292557,0.12599461601440876,30.237182060141723,0.22671815532859557,2.07370456134506,0.2829487483280235,0.8350695764550824,0.4533510363922814,-0.41878310463563073,0.055166090861047595,55.083627106266256,Left,False
Left_001,1.4477402793711777e-06,5.855584362075079e-06,1.0311476469697069e-11,-2.0606430330830353e-05,2.033298692689713e-05,-0.9247807100111771,3.141250798618607e-07,43.00000000000212,1.4857727503533526e-11,0.48078822616438827,0.38267087845157055,0.1618556555844834,1.3084351600834663,0.2283411161198809,-2.875012594162031,3.6139719586899366,-0.6310487886616607,0.060289136869126646,49.08897133612236,0.18726232426961836,1.7049492205258494,0.25600497307173403,0.013173890197224869,0.35442794794566823,-0.36505447724284057,0.11503632902312604,25.164873298348795,Left,False
Left_002,1.485103218628606e-06,5.774300023010056e-06,5.367658261926805e-12,1.2914064690656317e-05,1.3079093091630465e-05,-0.8281234890176026,9.564077447179984e-08,88.0000000000004,5.17218620923332e-12,0.5179765441141877,0.728508048125241,0.14457303577455793,1.2791431911393265,0.05999939710986596,-5.1549518374576975,5.864984184082368,-0.3349955864886116,0.045880810102660076,61.06417023382412,0.41256935539479833,2.190180927277657,0.672359469427537,2.177292285998135,1.875833567861846,-0.6608874516543377,0.07915062774648941,39.12197328955073,Left,False
Left_003,2.3077315745014464e-06,7.341501859848934e-06,1.021613593002364e-11,2.212013975275033e-05,2.1952206930949592e-05,-1.2054921920620074,2.869893983460001e-07,38.00000000000156,9.719064201593259e-12,1.284935007671451,0.2458374673420776,0.5491319809528643,3.2741392755553993,1.284118698423783,5.056595586497736,4.402102787075306,-0.654315917508133,0.14594100973120258,34.360171532451574,0.2634690179765622,1.2496568853359857,0.24718104467934932,-0.8160088030010477,1.1381233430687334,-0.6307658467981607,0.06267591238617386,38.07456397479197,Left,False
Left_004,4.663624562002323e-07,1.1099573107002868e-05,1.1215997000597534e-11,3.177022083945442e-06,2.8559565260559176e-06,-0.415403558310822,5.162796582126206e-07,33.0000000000044,2.26898859158664e-11,0.39015343084460097,0.40321150092198454,0.06668332038296082,1.4287552664059953,0.06995488661202875,1.7494574467034312,1.1223074181535686,-0.8083463318165585,0.09698570587687211,26.121994746757725,-0.2928906231962376,1.395788394175802,-0.47684851071251283,2.843909597651595,2.327482216246231,-0.3026422567228053,0.12058951454442683,19.137648784464613,Left,False
Left_005,5.872194636481763e-06,1.2250623128370295e-05,8.138608942423982e-12,0.00010902296194625282,0.00010823541849224055,-0.9053317892566572,3.0923744790357296e-07,36.00000000000172,4.7903709237781144e-11,0.5121224265091447,0.3748697484245559,0.2296429358531324,1.6688749370751106,0.31664031961620526,2.4435289928551986,1.7842180418573585,-1.0234863580987748,0.09432769892364241,30.13317015028134,0.20812943210606327,1.5028040461614174,0.2510310182825193,-0.8261653649041139,1.200416124698836,-0.3563295100916002,0.03537361389237203,78.0487851534786,Left,False
Left_006,4.774080635942162e-06,1.2276191896479937e-05,9.695839355864549e-12,9.663219124659081e-05,9.548392927567404e-05,-1.3625615261567898,2.4064985916248315e-07,47.00000000000136,4.192534314405857e-11,0.5885528972675814,0.582563310586947,-0.02048969739071682,1.6208594244718337,-0.008021044239075903,-0.011606997875326486,0.6882983178961513,-0.5744148846245198,0.08704321701854881,35.13233893431306,0.48441818820126104,1.7636794503574207,0.6795504513947297,-0.1650880671364306,0.5067349737633221,-0.7122531381323483,0.06739190146104156,48.108876560915036,Left,False
Left_007,4.0631041392515315e-06,1.0485607968531869e-05,3.4239513444207175e-11,8.586233809654319e-07,1.1706678232016082e-06,-1.1376574431457493,3.362991183796377e-07,55.00000000000311,2.707876188714001e-11,1.1173479815337686,0.2748791624134985,0.1671311806145015,2.613401529535778,0.2823751785932356,8.688430334218152,7.872811349846428,-0.8415645181685565,0.09845994874679402,38.18374861137166,-0.006952815069489637,1.5551328573787928,0.10150977497490135,0.10060884976270079,0.22378928411061172,0.8816943536693715,0.11922684475387098,23.162896114902615,Left,False
Left_008,1.0035995840020521e-06,1.0018427629781198e-05,1.079239506982875e-11,-1.8351570025070417e-05,1.7041868197954242e-05,-0.22248909977963605,6.193286327695461e-07,29.00000000000556,2.3259901076552015e-11,0.7863375285962011,1.242480044030139,0.355481699251894,2.1581120595018253,0.6829556555779484,2.4804781708282504,1.8663869087492533,-0.91902022649474,0.10336446184142631,34.18114903041388,-0.4695740952579286,1.9099645248778248,-1.2826048346769754,-5.248435100065079,5.567036127319677,0.14197033711871576,0.06753372271131233,55.125279420628125,Left,False
Left_009,2.437870707111793e-06,1.0781377937058741e-05,4.468290159104784e-12,6.754661101704273e-05,6.657194396078345e-05,-0.7188619641153569,2.467549137343249e-07,39.00000000000119,2.3345215445554555e-11,1.507569707678234,0.4391451389557481,0.667636012215963,3.676248697324577,1.1236350533673252,12.642456083825849,11.920121778392556,0.02776778634898136,0.0895023751557699,53.21185945369974,0.38241616599238665,1.7243305071353243,0.3735030562237091,-2.485874906565558,2.6587079757945844,-0.3513254190673667,0.09310960696674489,32.13841104478144,Left,False
Left_010,3.5443250445640984e-06,7.183746970278704e-06,2.643361046556768e-11,-2.4245161441008066e-05,2.410042151585034e-05,-1.1392051073338771,3.447810509379179e-07,49.00000000000291,2.311180253322667e-11,1.9712955541134258,0.41075555902467653,0.7657138594074111,4.017868422882669,1.4197209694819848,14.764138946311778,13.813983855998416,-0.7244174134995429,0.17449475732857314,28.423081492736912,0.23691497043021248,0.5975621501062487,0.027942750065988176,-7.562188939983113,8.017711537226555,-0.873458885939443,0.04845134987736475,37.043403908043615,Left,False
Left_011,7.5805742153333685e-06,1.819091925161564e-05,2.793420313352894e-11,0.00012292194700963985,0.00012233877849965842,-1.1141648803764674,2.6745464689249325e-07,61.00000000000218,7.144809726151388e-11,2.5379210192413297,0.3773836022356831,0.7503104889894394,4.296926165897619,1.5052372735730715,17.70844772482252,16.95740618900407,-0.9609577107980325,0.12076831131101293,42.30517596665727,0.3043074132386785,0.4535118568380768,0.17953686259350762,-6.529148173535623,6.765045687936229,-0.2502967375624605,0.03125991296540429,69.0337045526105,Left,False
Left_012,8.761465985837703e-07,8.228550507931162e-06,8.285555111019197e-12,7.659305740205723e-06,6.701621253912044e-06,-1.3434119492411467,1.8970693790651766e-07,68.00000000000122,2.0339050082732687e-11,1.1366463789467849,0.18481589295267858,0.6629384143602608,3.1062867175726168,1.3257518608940368,4.4716617750781005,3.693861209538259,-0.5141558409336455,0.11030571870984678,46.2790029704993,0.05384023387781489,1.288612525919875,0.08263206444069675,1.2515604686242983,0.9299951530675726,-0.04843640711565467,0.022534005092060896,95.02411655471488,Left,False
Left_013,3.4059748014756162e-06,1.050814352449799e-05,1.3280213379027125e-11,5.615321612440728e-05,5.593596243835732e-05,-1.1146714678153475,2.4891963890464907e-07,48.000000000001485,2.1093531852640538e-11,4.003781580959318,0.5911563762752614,0.7697369382069742,5.10902972639749,2.8909558676466407,15.421135052146832,14.82318803567796,-0.8349584308803442,0.13637472360745928,53.490578284931466,0.5144789585630932,1.1691805310535237,0.40849623494299264,-7.3843405800472315,7.781171921615512,-0.3347053756049121,0.07934271943881693,36.113137030695896,Left,False
Left_014,3.1019177125617122e-06,4.311239359083712e-06,9.126109769660668e-13,-8.127765528024429e-05,8.18036106983898e-05,0.4944585543766178,4.021953732808434e-07,37.00000000000299,3.260123302773679e-11,1.0883532095036221,0.9190296072263976,0.1338398788429661,2.9598853076035954,0.45374291589487004,0.9702204058324813,0.13869595330921486,-0.21770609799459884,0.0975280259327516,50.23723011478488,-0.8009920520952334,1.242378352910471,-2.665656455848851,-1.6960339105353612,1.980311197557178,-0.00016949801345766957,0.13221535547435895,18.156646487507555,Left,False
Left_015,1.647619981514659e-06,1.1709771049685194e-05,1.5989518158566417e-11,3.6072461416779266e-05,3.626882155371185e-05,-0.6908620060444606,3.446139869691736e-07,42.000000000002494,2.1974241565340084e-11,3.5067635391112195,0.37844751106233687,0.9979242763094696,4.591968504108289,3.169307108737601,14.203549645531385,13.537054433206011,-1.208604893252534,0.1505670087900966,42.47341083755693,0.30149346660826376,0.9798116794232687,0.3244268205011038,-3.412280233371895,3.8625378873530756,-0.7021686134087801,0.06791857556835484,36.08293725637889,Left,False
Left_016,6.872600459975664e-07,3.709424978832584e-06,2.1739483419168746e-12,-2.7200313921836653e-05,2.655555036070667e-05,-0.959477950262928,2.4057045363979844e-07,41.00000000000119,1.037525590643375e-11,1.9315411604104518,0.7981962259545262,0.873336663067243,3.012241082640286,2.115952597629719,1.9657148277294791,1.3821792721880992,-1.0241163125969994,0.10525684816223892,53.29278490072461,0.19741112243317416,2.2190374210102903,0.35847459790006697,3.0206520764635676,2.803193062273796,-0.8266952383894584,0.0942251808051321,41.18160468797852,Left,False
Left_017,-1.208854605757955e-06,3.5631827070224177e-06,-1.2646381185150813e-11,-2.8006248941840082e-05,2.8186370765200006e-05,-0.9274158079663368,9.878758848718067e-08,94.00000000000045,1.1941156818047606e-11,1.20612639361606,0.5707673995824069,0.6943847408691577,3.1744341136858925,1.307809095648211,4.744863717063357,3.9682083316414927,-0.6563117469445596,0.10590615009043618,48.2684360995108,0.47007588336476397,2.098710012977916,0.37290633850805444,8.361942710342943,7.939008356891088,-0.6365581728441203,0.05029803944020158,60.07584884109005,Left,False
Left_018,2.906332377021486e-06,8.628082975381265e-06,1.8327316874495868e-11,-1.1635705558533111e-06,6.905519654733062e-07,-0.7737937483652937,3.8277650760967883e-07,36.000000000002636,1.4983060150944395e-11,3.029960315605183,0.25388684114346005,1.0669761412918348,4.2412751126385055,1.4437065069012434,22.81721380068306,21.876201736919693,-1.083836984712813,0.1666440603125637,30.413701164996535,-0.060606520986326906,1.1731734330085133,-0.08733411958489365,2.2339260020771,1.7143616066946634,-0.45120821177948844,0.11910026626775158,18.12721431962771,Left,False
Left_019,2.4973818498672988e-06,9.588297986404339e-06,2.923446936266843e-14,6.982580289548977e-05,6.93124786594612e-05,-0.2301428915460182,3.3151761831412755e-07,27.000000000001485,2.1363470273725375e-11,1.0901516667858937,0.4518932496316251,0.647255240923001,2.163431050199491,1.2450051312641943,2.1765327997411257,1.5697967831844508,-0.6541950200450484,0.12382945507917661,37.28259489052481,0.003878759034764645,0.660048372771709,0.010898415931527461,-5.034205609412284,5.45171187644694,-0.5256103465067157,0.2537552429146421,9.28524257022078,Left,False
Left_020,3.427884441048338e-06,8.85218233198582e-06,2.966706552101269e-11,-1.5753994391995463e-05,1.551157400957446e-05,-1.2525591469696213,3.295452016106384e-07,51.00000000000277,2.6801498108162656e-11,2.5768651044998316,0.6323578627673324,0.8265605275437632,4.989497085552872,2.5973968639655878,10.154522402203574,9.475075401188425,-0.2578078094966969,0.19690224656436797,34.65283093595128,0.31197753997120364,0.8785400534622961,0.31226503695723584,-7.411627813136205,7.7640432371678605,1.1022444124033983,0.08212629441069488,48.16160144607204,Left,False
Left_021,2.946528160332895e-06,8.631007425461256e-06,1.5258316792956665e-11,3.87189858189067e-05,3.8513566372961844e-05,-0.9190334747247406,4.180146430115111e-07,34.00000000000297,1.9079297855584946e-11,2.4822389743890017,0.8151608737486751,0.9496983804558823,4.720687112999376,2.6404789490282345,10.128599491659852,9.366325551663246,-0.46455175187256614,0.1437015066149533,45.46225356360923,0.41713588367814153,1.2471169457429312,0.5923096033882895,-6.181076670765185,6.300664260834385,-0.3913187812363339,0.08717626539073693,41.155498998274915,Left,False
Left_022,2.817029243352551e-06,8.957607222995021e-06,9.074751795877764e-12,4.664330921614792e-05,4.663338378960598e-05,-1.0403365482930929,2.5425556325845585e-07,40.00000000000129,1.4506559077441165e-11,6.384098336990556,0.8119190383797409,1.4099665458607094,6.378713847986267,4.603059981518245,27.419958745691655,26.628099405062596,-1.0252823084530138,0.1887761162443024,40.7064893512429,0.35458615899717916,0.4463443968485093,-0.09269461251229805,-12.017476006382962,12.381379355164004,-0.8354870177305793,0.027769100534978854,70.02698410204567,Left,False
Left_023,1.9064683849058219e-06,6.428002855230688e-06,3.3171294794354177e-12,3.4526564977350705e-05,3.4591418930433314e-05,-0.3692014595389854,1.9313839908746858e-07,33.00000000000062,6.639579487086512e-12,1.7272945612391664,0.9612231163527462,0.8494397078532454,3.140481831733922,1.577858519030238,10.431578726750859,9.854889163533688,-1.193796175578301,0.09249536412374708,49.209160703215694,0.33320420704323483,0.667157886522341,0.28368109729701646,-10.800300000406029,11.058446057691524,-0.31959972214533305,0.08773846272980057,35.13445739379905,Left,False
Left_024,2.582189216249106e-06,4.021090632094999e-06,1.25707217901683e-11,-2.8110760053477523e-05,2.778921250168465e-05,-1.0875516277419988,2.5649451658576353e-07,48.00000000000158,1.349390271444149e-11,1.960782517740751,0.2959233571618714,0.7292787742258373,2.1224480903472496,1.893223802631296,-6.513660482694867,7.303379194738875,-0.5540010098546349,0.12244231106312896,46.34353595641385,0.2300761177524064,1.104689654271485,0.2963477747083372,-1.3108266420583634,1.767194795640465,0.17814540821083158,0.042869449700336695,62.056945329870146,Left,False
Left_025,2.446167343889411e-06,9.106094337756301e-06,4.55382227726699e-12,6.907984982489538e-05,6.784981532397306e-05,-1.466316417604117,1.2480279439247328e-07,78.00000000000061,2.5745968844059256e-11,2.647236523149773,0.5056045018543048,1.0375373210499172,4.519227305119511,2.063183543767017,17.297288146871512,16.38875394578068,-0.9592484012645959,0.11293875659418183,49.31151129037962,0.2332795600407524,1.7168019223196953,0.3165493085580887,2.777681414889769,2.3291232978244243,-0.8584708468342814,0.10755762406546261,27.155727579620635,Left,False
Left_026,1.5261217419957743e-06,6.800966714294593e-06,5.553092432329717e-12,2.726409606687254e-05,2.6939080916725012e-05,-0.8407203985390352,1.0543859579915029e-07,75.00000000000041,7.203061851014374e-12,2.6194674260506243,0.455758971578666,0.30403686080845715,4.102716423090768,0.7466427535459266,15.120708309652171,14.417833450743064,-0.8375652693423872,0.09433914883846764,52.2308841779425,0.2814673717303118,0.7978436485369754,0.1392001186721373,-7.390628850708374,7.823999103026958,-0.49179329301935537,0.029670996324435785,79.03476688667351,Left,False
Left_027,1.871838258792332e-06,8.796665749182593e-06,1.566776487691838e-11,4.08904067890744e-06,4.4443567329732725e-06,-1.0164239392832666,3.764155308384279e-07,39.000000000002764,1.674950751777649e-11,3.337238331892916,0.9947601491011646,1.4216389733223807,4.3088453553585175,3.721582493811243,11.092340848996688,10.493430850252404,-1.3491942020948111,0.1159730211994372,58.388739761169404,0.6083791584262705,0.3694479744779939,0.4479017264442564,-12.401565011808437,12.79670215960672,0.40073685629442135,0.07824262980302792,38.11613879667122,Left,False
Right_000,2.1384619233209857e-07,6.760740256473973e-06,-8.989758629718679e-12,5.478508282748061e-05,5.4018022361897073e-05,-1.3019162709174272,1.301876963799625e-07,54.00000000000046,1.7634842933691938e-11,0.322341913720502,1.8389521115975687,-0.1275444697566912,0.7561288217914194,-0.1870393892677844,-3.048728168632817,3.78507627147232,-0.9431594665301288,0.04324514161932747,42.039254643377824,0.8281478051237738,3.5980818123401592,1.8898158117531567,8.562529369816932,8.196166065761743,-1.0323240656387236,0.11989835221636332,43.307972844314754,Right,False
Right_001,1.3987124020416856e-06,1.1688316582965973e-06,4.5239369831611324e-12,-2.2529245577519238e-05,2.2556399161784913e-05,-1.0645717542401067,9.994653622770697e-08,67.00000000000033,5.535320254770997e-12,0.3886620113911021,1.3287432847416765,0.09189782631018534,1.0832802753445165,0.08464196233625171,-4.910672469647343,5.75472421998046,-0.56027027926846,0.14217556840589807,17.17095847239446,0.6614721372669683,1.8410990018487057,1.288795404277129,-5.223096326189055,5.4665709603319605,-0.8949514989827279,0.08816071574193285,55.21332486995683,Right,False
Right_002,1.8352086060559231e-06,6.339757035082332e-06,1.3426938746217427e-11,-3.850654927689451e-06,4.0381450121589455e-06,-1.2462697902322675,2.3302888805188877e-07,55.00000000000149,1.3849938364628905e-11,0.364901990421594,0.8896263542858052,0.020589364693749945,0.9953044546016347,0.022682880303802166,-4.209101833999737,4.98341329372688,0.672299524131819,0.03471105656025991,77.04637304770681,0.23092013531095135,1.6725407864552617,0.42764560013894515,-2.07382538834521,2.4005048099314683,-0.8489425166470661,0.09551900244456504,40.182063258683065,Right,False
Right_003,2.548150675140302e-06,1.0049501973277477e-05,6.759383017319517e-12,6.803927157937476e-05,6.709173016452301e-05,-1.3500436622409748,2.0341073942889675e-07,51.00000000000106,2.5526541087277857e-11,0.3002881201145805,1.3677461532990882,0.11890897413251633,1.0171674668187864,0.20968765973819958,-1.3554173675552743,2.0521795395338485,0.19723907192923162,0.0562255913944196,46.0726529195152,0.2690323383015516,3.1288736586605466,0.7129169576849087,5.069836982219626,4.989860473978662,-0.8176786662194679,0.07419626960304251,64.1759209827848,Right,False
Right_004,4.352540080822233e-06,1.0265140402155447e-05,1.7293892373039312e-11,7.016021826362276e-05,6.939959653301948e-05,-0.761377779850358,2.4675759443956926e-07,59.0000000000018,3.142652008183584e-11,0.8039919346059979,1.2453502947557384,0.4305708421541003,2.187832783732116,0.7486917799953178,0.7603344195150452,0.025676101524390343,-0.8237759247741856,0.09728633785940703,41.19356801260135,0.57131732056512,2.015074495518021,1.196495264030444,-2.1187574622373226,2.3181400585527667,-1.0582778023270907,0.05313953569404143,87.12274915204895,Right,False
Right_005,4.20738884722212e-06,1.331922341730916e-05,3.229848662986003e-11,5.069659082476236e-05,5.0772744339077104e-05,-1.305769940555163,2.94071951441916e-07,59.00000000000255,3.3875499949619005e-11,0.4659589130183426,1.596107863628717,0.07307591746747177,1.2273365011279083,0.05494772483390192,-3.746837853752594,4.433839122683958,0.942922546847071,0.07069794236259194,47.117311274211715,0.4309718722563426,2.927543475657571,1.1619621926096386,2.4390793548944782,2.244466512113788,-0.7093064013590147,0.12575628398959243,42.33080474295881,Right,False
Right_006,3.710003367308126e-06,1.129012488272651e-05,2.8048431314860037e-11,2.6814337861882488e-05,2.733025678245691e-05,-0.9621939622307507,5.307424802810177e-07,34.00000000000479,2.4671972492900853e-11,0.6786218704319243,1.989398218955989,0.34255834148254316,0.07671435163080649,-0.11579718789581853,-11.416493630328487,12.14342836618153,-0.21899925527553954,0.25469712277220896,7.223479811910161,0.7330182829658035,5.1632180846812314,2.062208137729283,9.933945014787124,9.642861488726131,1.270477671763409,0.20406696835957414,32.659497354326795,Right,False
Right_007,3.069040497210263e-06,1.3828954571080834e-06,7.350039975511828e-12,-7.04047173851439e-05,6.930375850505691e-05,-0.905541651368825,3.0864158469569507e-07,38.00000000000181,2.604573192435721e-11,0.8222148576473456,1.7598550020340393,0.4611124122718808,0.7009458642378926,0.3710144043585467,-10.201076016020147,10.917556811874228,-0.6670256592940422,0.07112703341369957,42.1061061226547,0.760138936612306,3.389120208122304,1.2759350889997347,14.736457143671705,14.289588563641274,-1.0623207486121453,0.06213485918676071,63.12149617952765,Right,False
Right_008,3.761523995653939e-06,1.2020683111496023e-05,1.3182121059183015e-11,7.963784857604255e-05,7.859127339609307e-05,-1.2035980099030525,1.910736772760728e-07,72.00000000000131,3.56299093467055e-11,0.5270891115890395,2.513856135696868,0.2063011650137252,1.1439321685607944,0.37161220068133577,-2.5192162947240444,3.427913810017245,-0.10965520216878177,0.10038648344143088,31.155808859047216,1.0000034824273072,3.013532855496971,2.588800761051277,4.785030113362505,4.619273248749779,-1.5598200106638684,0.16960993671812943,30.428453420609056,Right,False
Right_009,4.187876015720465e-06,7.365942942582192e-06,2.6477889148035094e-11,-2.9134355407506826e-05,2.8796190934945016e-05,-0.9503818404427191,3.705397224227377e-07,46.00000000000316,2.3115365201773352e-11,0.34000327263806107,3.179239556209669,0.15410968785157036,1.006053432749106,0.05262544421677387,-5.32318702616155,6.042587099575971,0.32779127132632846,0.024051974520144067,98.02834227804611,1.0765554867248057,4.719258803429015,2.4662392046544293,18.760730683761935,18.349985368335318,-0.7937900541290852,0.20031812030428325,29.576123829535288,Right,False
Right_010,1.4608569915839125e-06,8.855519486685767e-06,9.225627689720185e-12,4.349939603256383e-05,4.366017117752109e-05,-1.3127113745989278,2.243041119074985e-07,58.00000000000146,2.2393132176704734e-11,0.7134419857854059,2.4144328014972434,0.22835598930345746,2.064939227115504,0.5389838957538304,-0.7199267599094791,1.3848661281967796,0.9900018564010331,0.5883545057843068,9.281934365557028,1.1097874657393205,4.206515619637068,2.908856468925467,3.3326561023066885,3.1542466532949667,-0.7741580067673142,0.1648070408276472,42.566567165864214,Right,False
Right_011,2.639180465444582e-06,1.7076323814167152e-06,7.636556024654746e-12,-6.710404763305188e-05,6.595269695584339e-05,-0.9969102914156633,3.5044487524320577e-07,35.00000000000215,2.6588135595995058e-11,0.46439543464514305,2.956224169784886,0.3088538618787992,0.7336041900960564,0.09973633493353215,-7.7318041675251195,8.488124424372444,0.003918442276809042,0.04741909385960046,47.0528117348112,1.2321837768093975,4.849780049948831,3.0464831054410744,14.042509333293975,13.72572003026263,-0.9148898414900484,0.18570933552793734,33.564227765615676,Right,False
Right_012,1.928660762502436e-06,3.9124344403699726e-06,1.130974797666043e-11,-3.859272688489727e-05,3.850290474513487e-05,-0.8590230306783084,4.273678362915385e-07,32.00000000000292,1.7644055607259145e-11,0.2492736802629745,1.58476786603817,-0.07273045004305528,0.912549889353488,-0.03547165171613817,-0.1873782237394649,0.9184425579999465,0.5177761318947001,0.08592881372320306,26.095812354760003,0.8955679083157346,3.2831537468542136,1.8729086522501368,2.994983354549489,2.8050769903383297,-0.8084534258324245,0.09864865618564941,52.252407897828036,Right,False
Right_013,-9.407687853982208e-07,3.610211926717072e-06,-6.016468448561926e-12,-1.0120627267159346e-05,9.507233075112669e-06,-0.9361218189019955,1.983349566639158e-07,45.00000000000088,8.963854642051655e-12,0.32082474876405265,2.7671212210109934,0.19129983528962136,1.2121135358801463,0.24687015243212257,-0.38257150297497644,1.1950322875517614,-0.9254087321890911,0.03641481654789524,63.04175638616104,0.8885599385341032,4.097626152958052,2.729335712718276,9.9078116235498,9.628021351332071,-0.9722305560576601,0.08796241730356243,67.25870300269736,Right,False
Right_014,1.977739774595665e-06,9.497715480110251e-06,1.8724038777598346e-11,-2.5219758802723892e-05,2.411868459453903e-05,-0.7827542917360737,5.5799262651617e-07,35.00000000000545,2.94891813285954e-11,0.28101818547375,2.4846966465039064,-0.03125148954612572,1.242860162746164,-0.013970649243603084,1.9983506304268004,1.1719335082875615,0.06752087371573934,0.03436704575990023,71.04191645795122,1.1019688319874412,3.4020789185517746,2.864125784977853,-1.6941532453302393,1.7359675477190653,-0.8156652095300609,0.2238438926222062,27.668164708643882,Right,False
Right_015,2.170271208733222e-06,9.21182600122819e-06,9.644824553743184e-12,3.758428985199047e-05,3.735408672668879e-05,-0.4779842574841737,3.7890674307646197e-07,33.00000000000237,1.3471697756157755e-11,0.3068492578867576,2.2139040575469378,-0.21295129037301508,1.4473043901884566,-0.22562955354698025,0.7894612400886549,0.03329122120800492,0.4202827060551635,0.0996980071230605,24.11898138296065,1.0273195767335288,3.5382665280302463,2.6327345604024384,5.648032927675056,5.3067971595709915,-1.0331694885201328,0.1531234277634642,34.39628588168086,Right,False
Right_016,2.4048718470177196e-06,1.0237912748642393e-05,1.0949261284433025e-11,4.872331863648556e-05,4.85939538511724e-05,-0.8611543053149178,4.104638496874988e-07,32.00000000000269,1.908633930598906e-11,0.6392470376460707,0.9474090376961842,0.19830601605993714,1.8581405686463186,0.39182020301757,0.5624807841368633,0.28475529588018694,-0.7882217154034121,0.04769749535409672,69.07844467061487,0.3726032249720722,2.326927346751922,0.7226762702278279,1.1937575727075285,0.7570583575515571,-0.9796002745653913,0.09134595961186665,41.17069838818855,Right,False
Right_017,1.4451519444382158e-06,5.3552309514277865e-06,7.700399602799285e-12,6.5525862187244405e-06,6.174884286833087e-06,-0.8676789123324786,2.770566748641383e-07,39.00000000000149,7.792720622864708e-12,0.3394428187944925,2.5022859060376756,0.2539520392606131,1.2754578244565853,0.2859903387341287,-1.741435630899101,2.3807063215978927,-0.514495155457138,0.2488769700206581,11.335550683182811,0.8200926214778064,4.48400429171533,1.571124692792444,16.862091998885536,16.503787960558316,-0.8462455772119588,0.10544909403202819,50.27721928050953,Right,False
Right_018,5.2769517399508605e-06,9.746673470427324e-06,5.480629653915717e-12,9.309734652974967e-05,9.271181223492475e-05,-0.18126972322193913,1.3121315904228348e-07,76.00000000000065,3.347564559828663e-11,0.7266434549869124,0.9794983797098373,0.42380433514463955,2.4585615038968163,0.3586824560714929,9.915593377511861,9.132539879047165,-0.7278385408376851,0.11754744360391314,28.192779975984756,0.6486614343824184,1.3676558305490882,0.9342765146753381,-6.1010075281395295,6.432498967031011,-1.3391651278905798,0.08692650806631509,38.143297950096645,Right,False
Right_019,4.537813071940297e-07,1.1076181199493107e-06,-8.889133120663304e-13,-2.851023422831925e-05,2.8340345338887867e-05,-1.4768129034325193,7.308371534019905e-08,76.0000000000002,6.391262463625253e-12,0.7427880330048507,2.5844967159014027,0.40867383646974054,2.0473701345708544,0.17237537538916184,11.852340448026768,11.077087076685663,-0.7883649935326869,0.11622639671019729,22.148095864914488,0.6538276088719484,4.860957101172335,1.8137584011998238,16.15800993274247,15.635249874623709,-0.5496522012065208,0.11906195387225205,46.324894868607124,Right,False
Right_020,4.432987694671881e-06,9.434658984097501e-06,3.578731777365547e-11,1.3082953486905342e-06,1.618105284411915e-06,-0.7007126426076362,5.72661549067005e-07,37.00000000000607,2.7257832356613256e-11,0.6970753770300292,2.944105692416648,0.26344209391048135,2.271455289888674,0.5140938648154606,-1.4493121289007895,2.2014493874613392,0.02355172711708642,0.07171164711827549,56.14380704229503,1.464595652917664,4.17693051790906,3.6761168299287506,4.749998293593285,4.5035461741016185,-1.2464287596093564,0.17422931806936623,37.557384971152615,Right,False
Right_021,4.04802746586271e-06,9.945355896942095e-06,3.0076503834858657e-11,-7.999838885095516e-06,7.6183878637027344e-06,-0.9929213066612954,4.0989540865704743e-07,44.000000000003695,2.405921572745049e-11,0.3765291992890975,3.9200309854094635,0.2528492913017931,1.7742977579883927,0.3158012589551419,4.628084719927136,3.816683173762978,-0.5481374564102452,0.07916218373698289,33.10323826006656,1.420569682275687,5.2752397336266865,4.114219699578284,14.433465792978405,14.082561763221776,-1.114277602122441,0.18082299403979718,38.616245328495594,Right,False
Right_022,2.535887185687326e-06,3.0811174333377917e-06,1.0098124982003144e-11,-4.12221241083729e-05,4.061834913859673e-05,-1.199037533850046,2.723945590055105e-07,40.000000000001485,1.4580420959239115e-11,0.2675032800863109,1.8216030818938131,0.010102137436947656,0.8986340533178686,-0.0014473059111987374,-3.1580165743461617,3.774914474427648,0.06270833611968252,0.08469540132484371,26.093086406934876,0.930874686931139,3.1322888673918627,2.0732111176518107,6.014808500472397,5.812321391800572,-1.2065972703749526,0.09083003149100961,55.226411582027396,Right,False
Right_023,-2.122401691224062e-07,6.4353485101848675e-06,-1.996573901440917e-12,3.407126690962665e-05,3.3992154704495216e-05,-1.1163345298557612,9.056748175276598e-08,73.0000000000003,9.279003972995152e-12,0.6326506410839688,1.1732059772603942,0.02080408287029567,1.5034120276372733,0.14846514339682904,1.1165875536093468,0.41445447845759775,-0.31265159154672517,0.033130646516824507,101.05541560437862,-0.10833493611775225,1.8714976574022966,-0.3654117081865227,-2.2983985477663125,2.473922529807952,-1.016033007306152,0.08672061667602615,40.150127578510535,Right,False
Right_024,1.868554420217423e-06,7.1897229015413234e-06,9.19787025622345e-12,9.256352773084762e-06,9.715473381662538e-06,-0.5645592555967474,3.412858762614213e-07,31.000000000001805,7.8970427710639e-12,0.2948120589731611,2.771394901285149,0.02538470411671423,1.0892966947000924,0.0592228245544531,-2.0508557615044314,2.8807063464596325,-0.3615202340370236,0.08715496743508654,27.10235184455654,1.1682103391198353,4.151427575634997,3.1010712170964214,10.093133026039578,9.774968869332666,-0.958177937125575,0.13131008074127254,43.369125903983964,Right,False
Right_025,3.779264556207203e-06,-1.5447672789434786e-06,1.4095842872195258e-12,-7.761334591965561e-05,7.680092206560851e-05,-0.7154875050511604,1.808800657724576e-07,37.000000000000604,2.316174650698631e-11,0.47922919687066673,2.0185523095041837,0.3031471310108807,1.7377814098248314,0.37358866195305795,2.8765614725920936,2.11301549736729,-0.8196763519936408,0.07769883828182812,38.114532478769554,0.9729528382448349,3.2827685128431385,2.2572395160700247,7.487122208456463,7.263994568470525,-1.1806990363151877,0.11238969442818617,46.28961151557989,Right,False
Right_026,1.5288443545568639e-06,2.624058336173595e-06,9.413050815212304e-14,-6.789139940638923e-05,6.672741986594347e-05,-1.2215380161983218,3.446728442721524e-07,35.00000000000208,3.1814641722763925e-11,0.6051508049755472,2.423593489328614,0.05910007984149701,2.320233117863286,0.09862080010612906,3.94158839494843,3.3711676508462256,0.034172763560649244,0.035970119865498223,101.0653182797419,0.7619791908436392,4.092666437130489,2.410113776509063,8.266541682822345,8.001825831612537,-0.7495562023173576,0.139958367356451,43.419106959409135,Right,False
